airline,date_of_journey,source,destination,dep_time,arrival_time,duration,total_stops,additional_info,price
Indigo,2019-06-24,Banglore,Delhi,13:00:00,15:50:00,170,0.0,No Info,3943
Jet Airways,2019-05-21,Kolkata,Banglore,08:25:00,19:50:00,685,1.0,In-flight meal not included,10844
Spicejet,2019-05-27,Mumbai,Hyderabad,22:45:00,00:15:00,90,0.0,No Info,2017
Air India,2019-06-06,Kolkata,Banglore,08:20:00,20:25:00,725,2.0,No Info,11432
Jet Airways,2019-05-15,Kolkata,Banglore,20:00:00,08:15:00,735,1.0,In-flight meal not included,8586
Spicejet,2019-06-09,Delhi,Cochin,06:05:00,11:20:00,315,1.0,No Info,5583
Jet Airways,2019-03-03,Delhi,Cochin,05:25:00,04:25:00,1380,2.0,No Info,18799
Multiple Carriers,2019-05-18,Delhi,Cochin,11:30:00,01:30:00,840,1.0,No Info,13727
Multiple Carriers,2019-06-01,Delhi,Cochin,07:05:00,19:15:00,730,1.0,In-flight meal not included,12927
Jet Airways,2019-03-09,Delhi,Cochin,19:45:00,04:25:00,520,1.0,No Info,15554
Air Asia,2019-06-06,Delhi,Cochin,16:45:00,22:25:00,340,1.0,No Info,11410
Jet Airways,2019-03-21,Banglore,New Delhi,08:55:00,23:00:00,845,1.0,In-flight meal not included,6992
Jet Airways,2019-05-06,Kolkata,Banglore,20:00:00,10:05:00,845,1.0,In-flight meal not included,9663
Indigo,2019-06-09,Delhi,Cochin,06:50:00,22:30:00,940,1.0,No Info,6442
Jet Airways,2019-03-21,Banglore,New Delhi,09:45:00,15:55:00,370,1.0,In-flight meal not included,7280
Vistara,2019-04-21,Delhi,Cochin,14:40:00,17:50:00,190,0.0,No Info,6741
Air India,2019-05-12,Kolkata,Banglore,09:25:00,11:10:00,1545,1.0,No Info,8891
Jet Airways,2019-06-12,Delhi,Cochin,11:40:00,19:00:00,440,2.0,In-flight meal not included,15812
Indigo,2019-06-06,Kolkata,Banglore,08:10:00,13:00:00,290,1.0,No Info,5069
Jet Airways,2019-05-09,Delhi,Cochin,19:45:00,19:00:00,1395,1.0,In-flight meal not included,12373
Air India,2019-03-06,Delhi,Cochin,07:05:00,09:25:00,1580,2.0,No Info,9190
Multiple Carriers,2019-06-27,Delhi,Cochin,14:55:00,22:30:00,455,1.0,In-flight meal not included,6093
Indigo,2019-03-06,Kolkata,Banglore,05:30:00,08:20:00,170,0.0,No Info,4778
Jet Airways,2019-06-12,Banglore,Delhi,11:10:00,14:05:00,175,0.0,In-flight meal not included,5769
Jet Airways,2019-06-27,Delhi,Cochin,07:05:00,19:00:00,715,1.0,No Info,18371
Indigo,2019-04-18,Kolkata,Banglore,11:30:00,14:05:00,155,0.0,No Info,5224
Indigo,2019-04-06,Delhi,Cochin,06:50:00,12:10:00,320,1.0,No Info,5298
Air India,2019-05-09,Kolkata,Banglore,16:50:00,13:45:00,1255,2.0,No Info,12592
Indigo,2019-04-24,Delhi,Cochin,04:55:00,21:00:00,965,1.0,No Info,6162
Jet Airways,2019-03-21,Banglore,New Delhi,05:45:00,19:10:00,805,1.0,In-flight meal not included,7832
Indigo,2019-06-09,Delhi,Cochin,14:20:00,17:35:00,195,0.0,No Info,5601
Multiple Carriers,2019-06-12,Delhi,Cochin,03:50:00,12:35:00,525,1.0,No Info,12192
Indigo,2019-06-24,Chennai,Kolkata,07:55:00,10:15:00,140,0.0,No Info,3850
Air India,2019-05-21,Kolkata,Banglore,09:25:00,18:30:00,545,1.0,No Info,8366
Air India,2019-03-21,Banglore,New Delhi,11:50:00,13:00:00,1510,1.0,No Info,5092
Multiple Carriers,2019-06-03,Delhi,Cochin,10:00:00,19:15:00,555,1.0,No Info,14848
Jet Airways,2019-06-12,Delhi,Cochin,05:30:00,19:00:00,810,2.0,In-flight meal not included,11507
Air Asia,2019-03-09,Kolkata,Banglore,19:35:00,22:05:00,150,0.0,No Info,4384
Spicejet,2019-06-09,Banglore,Delhi,21:10:00,00:05:00,175,0.0,No Info,3971
Air India,2019-03-06,Mumbai,Hyderabad,13:30:00,16:55:00,205,2.0,No Info,18797
Multiple Carriers,2019-06-27,Delhi,Cochin,09:45:00,22:30:00,765,1.0,No Info,9646
Jet Airways,2019-05-21,Kolkata,Banglore,20:00:00,08:15:00,735,1.0,No Info,14781
Indigo,2019-05-03,Banglore,Delhi,20:00:00,22:50:00,170,0.0,No Info,4823
Jet Airways,2019-05-24,Kolkata,Banglore,16:30:00,19:50:00,1640,1.0,In-flight meal not included,10844
Jet Airways,2019-04-01,Kolkata,Banglore,18:55:00,18:15:00,1400,1.0,No Info,12681
Indigo,2019-05-15,Kolkata,Banglore,17:35:00,22:15:00,280,1.0,No Info,5386
Spicejet,2019-03-24,Kolkata,Banglore,06:55:00,09:35:00,160,0.0,No check-in baggage included,4781
Air Asia,2019-04-15,Banglore,Delhi,23:55:00,02:45:00,170,0.0,No Info,4483
Jet Airways,2019-06-03,Banglore,Delhi,08:20:00,11:20:00,180,0.0,In-flight meal not included,5769
Multiple Carriers,2019-05-18,Delhi,Cochin,07:00:00,21:00:00,840,1.0,No Info,8073
Jet Airways,2019-03-06,Delhi,Cochin,09:00:00,04:25:00,1165,1.0,In-flight meal not included,13843
Multiple Carriers,2019-06-06,Delhi,Cochin,11:40:00,01:30:00,830,1.0,No Info,6795
Multiple Carriers,2019-03-21,Delhi,Cochin,08:25:00,19:15:00,650,1.0,No Info,8601
Jet Airways,2019-04-03,Banglore,Delhi,07:10:00,10:10:00,180,0.0,In-flight meal not included,4544
Indigo,2019-06-27,Delhi,Cochin,07:35:00,16:10:00,515,1.0,No Info,6442
Air India,2019-03-06,Mumbai,Hyderabad,10:00:00,23:45:00,825,1.0,No Info,11678
Spicejet,2019-05-24,Kolkata,Banglore,22:20:00,00:40:00,140,0.0,No check-in baggage included,3841
Air India,2019-03-18,Mumbai,Hyderabad,19:30:00,20:45:00,75,0.0,No Info,2050
Vistara,2019-05-03,Banglore,Delhi,21:00:00,23:50:00,170,0.0,No Info,5613
Indigo,2019-05-18,Kolkata,Banglore,17:15:00,19:50:00,155,0.0,No Info,4804
Indigo,2019-03-03,Mumbai,Hyderabad,19:05:00,20:30:00,85,0.0,No Info,5755
Air India,2019-03-01,Banglore,New Delhi,22:00:00,13:20:00,920,1.0,No Info,21130
Jet Airways,2019-06-24,Delhi,Cochin,13:00:00,19:00:00,360,1.0,In-flight meal not included,10262
Air India,2019-03-09,Delhi,Cochin,05:10:00,08:00:00,170,0.0,No Info,5831
Air India,2019-06-06,Delhi,Cochin,20:15:00,19:15:00,1380,2.0,No Info,13591
Multiple Carriers,2019-05-15,Delhi,Cochin,15:05:00,01:30:00,625,2.0,No Info,16840
Multiple Carriers,2019-06-01,Delhi,Cochin,12:50:00,19:15:00,385,1.0,No Info,9526
Air India,2019-05-21,Kolkata,Banglore,14:15:00,16:45:00,150,0.0,No Info,5510
Jet Airways,2019-03-06,Banglore,New Delhi,05:45:00,11:25:00,340,1.0,No Info,19225
Jet Airways,2019-05-12,Banglore,Delhi,07:10:00,10:10:00,180,0.0,In-flight meal not included,5198
Jet Airways,2019-05-12,Kolkata,Banglore,06:30:00,16:20:00,590,1.0,In-flight meal not included,10844
Jet Airways,2019-05-15,Kolkata,Banglore,20:25:00,14:25:00,1080,1.0,No Info,11467
Jet Airways,2019-06-12,Kolkata,Banglore,14:05:00,23:35:00,570,1.0,No Info,13626
Indigo,2019-03-24,Banglore,New Delhi,10:10:00,13:00:00,170,0.0,No Info,10067
Jet Airways,2019-03-01,Banglore,New Delhi,11:40:00,09:30:00,1310,1.0,No Info,25735
Multiple Carriers,2019-06-01,Delhi,Cochin,08:45:00,21:00:00,735,1.0,No Info,7740
Air India,2019-06-24,Delhi,Cochin,10:55:00,19:15:00,500,2.0,No Info,11753
Jet Airways,2019-03-27,Delhi,Cochin,17:35:00,04:25:00,650,2.0,In-flight meal not included,9412
Jet Airways,2019-05-18,Kolkata,Banglore,18:55:00,16:20:00,1285,1.0,In-flight meal not included,10844
Multiple Carriers,2019-05-09,Delhi,Cochin,07:05:00,22:30:00,925,1.0,No Info,8310
Jet Airways,2019-03-06,Banglore,New Delhi,05:45:00,12:25:00,400,1.0,No Info,22270
Air India,2019-05-12,Kolkata,Banglore,09:10:00,13:15:00,245,1.0,No Info,8996
Spicejet,2019-04-06,Kolkata,Banglore,17:10:00,19:40:00,150,0.0,No Info,3873
Indigo,2019-03-09,Delhi,Cochin,04:45:00,12:55:00,490,1.0,No Info,16162
Jet Airways,2019-03-24,Kolkata,Banglore,13:55:00,19:40:00,345,1.0,In-flight meal not included,11134
Jet Airways,2019-06-09,Delhi,Cochin,19:45:00,19:00:00,1395,1.0,In-flight meal not included,10577
Vistara,2019-05-15,Kolkata,Banglore,20:20:00,22:40:00,1580,1.0,No Info,8452
Spicejet,2019-06-21,Kolkata,Banglore,17:10:00,19:40:00,150,0.0,No check-in baggage included,3841
Indigo,2019-06-15,Kolkata,Banglore,20:25:00,23:10:00,165,0.0,No Info,4804
Air India,2019-06-15,Banglore,Delhi,17:00:00,19:45:00,165,0.0,No Info,7171
Jet Airways,2019-05-12,Delhi,Cochin,11:00:00,14:15:00,195,0.0,In-flight meal not included,7202
Jet Airways,2019-05-18,Banglore,Delhi,08:20:00,11:20:00,180,0.0,No Info,7229
Multiple Carriers,2019-05-15,Delhi,Cochin,10:20:00,19:15:00,535,1.0,No Info,8266
Indigo,2019-06-06,Banglore,Delhi,18:55:00,21:50:00,175,0.0,No Info,4990
Indigo,2019-03-03,Banglore,New Delhi,18:25:00,21:20:00,175,0.0,No Info,7648
Indigo,2019-04-21,Delhi,Cochin,02:00:00,07:45:00,345,1.0,No Info,6258
Air India,2019-05-01,Kolkata,Banglore,16:50:00,13:45:00,1255,2.0,No Info,16372
Multiple Carriers,2019-03-03,Delhi,Cochin,12:50:00,01:35:00,765,1.0,No Info,18192
Indigo,2019-04-06,Delhi,Cochin,04:55:00,13:20:00,505,1.0,No Info,5307
Jet Airways,2019-05-01,Mumbai,Hyderabad,07:05:00,08:30:00,85,0.0,In-flight meal not included,4995
Multiple Carriers,2019-05-15,Delhi,Cochin,06:00:00,19:15:00,795,1.0,No Info,8266
Jet Airways,2019-06-06,Delhi,Cochin,19:15:00,04:25:00,550,1.0,In-flight meal not included,10262
Jet Airways,2019-06-24,Delhi,Cochin,19:30:00,04:25:00,535,2.0,No Info,13014
Air India,2019-03-12,Banglore,New Delhi,17:25:00,10:15:00,1010,2.0,No Info,12778
Vistara,2019-04-01,Kolkata,Banglore,20:20:00,22:55:00,1595,1.0,No Info,7770
Indigo,2019-04-21,Kolkata,Banglore,09:35:00,12:20:00,165,0.0,No Info,4804
Air India,2019-03-21,Delhi,Cochin,13:30:00,23:00:00,570,1.0,No Info,5704
Indigo,2019-06-06,Kolkata,Banglore,04:40:00,07:15:00,155,0.0,No Info,4804
Jet Airways,2019-05-21,Banglore,Delhi,07:10:00,10:10:00,180,0.0,In-flight meal not included,4030
Jet Airways,2019-04-12,Banglore,Delhi,11:10:00,14:05:00,175,0.0,In-flight meal not included,5198
Spicejet,2019-03-03,Delhi,Cochin,16:35:00,22:50:00,375,1.0,No Info,11726
Air India,2019-06-18,Delhi,Cochin,14:05:00,17:55:00,230,0.0,No Info,5201
Multiple Carriers,2019-05-15,Delhi,Cochin,03:50:00,19:00:00,910,1.0,No Info,10197
Air India,2019-06-12,Mumbai,Hyderabad,21:05:00,22:25:00,80,0.0,No Info,3100
Multiple Carriers,2019-03-06,Delhi,Cochin,19:00:00,01:35:00,395,1.0,No Info,15147
Air India,2019-05-09,Delhi,Cochin,05:00:00,19:15:00,2295,2.0,No Info,9653
Jet Airways,2019-04-03,Mumbai,Hyderabad,19:35:00,21:05:00,90,0.0,In-flight meal not included,2071
Air India,2019-05-21,Delhi,Cochin,13:00:00,19:15:00,375,1.0,No Info,8372
Spicejet,2019-05-09,Kolkata,Banglore,06:55:00,09:30:00,155,0.0,No check-in baggage included,3841
Air India,2019-06-09,Delhi,Cochin,22:00:00,19:15:00,1275,2.0,No Info,10651
Jet Airways,2019-03-06,Delhi,Cochin,19:15:00,04:25:00,550,1.0,No Info,17024
Air India,2019-03-27,Delhi,Cochin,05:10:00,08:00:00,170,0.0,No Info,4729
Spicejet,2019-05-18,Chennai,Kolkata,17:45:00,20:05:00,140,0.0,No check-in baggage included,3543
Indigo,2019-05-18,Kolkata,Banglore,09:35:00,12:20:00,165,0.0,No Info,4804
Jet Airways,2019-04-01,Kolkata,Banglore,20:25:00,18:00:00,1295,1.0,No Info,11467
Jet Airways,2019-06-03,Banglore,Delhi,11:10:00,14:05:00,175,0.0,In-flight meal not included,5769
Spicejet,2019-04-01,Banglore,Delhi,09:30:00,12:20:00,170,0.0,No Info,3971
Indigo,2019-05-06,Chennai,Kolkata,22:05:00,00:25:00,140,0.0,No Info,5277
Vistara,2019-03-21,Banglore,New Delhi,09:50:00,12:35:00,165,0.0,No Info,4878
Indigo,2019-06-12,Kolkata,Banglore,09:35:00,12:20:00,165,0.0,No Info,4804
Air India,2019-03-03,Mumbai,Hyderabad,19:30:00,20:45:00,75,0.0,No Info,11185
Goair,2019-04-15,Banglore,Delhi,07:45:00,10:40:00,175,0.0,No Info,4632
Indigo,2019-06-18,Chennai,Kolkata,22:05:00,00:25:00,140,0.0,No Info,5277
Multiple Carriers,2019-03-27,Delhi,Cochin,04:45:00,19:15:00,870,1.0,No Info,7574
Vistara,2019-04-27,Delhi,Cochin,06:00:00,09:10:00,190,0.0,No Info,6216
Multiple Carriers,2019-03-21,Delhi,Cochin,09:10:00,18:50:00,580,1.0,No Info,13069
Indigo,2019-05-09,Kolkata,Banglore,21:00:00,02:15:00,315,1.0,No Info,7605
Jet Airways,2019-05-09,Kolkata,Banglore,16:30:00,18:15:00,1545,1.0,No Info,13941
Multiple Carriers,2019-06-06,Delhi,Cochin,09:45:00,16:10:00,385,1.0,No Info,9646
Jet Airways,2019-06-09,Delhi,Cochin,07:05:00,19:00:00,715,1.0,No Info,14714
Jet Airways,2019-06-24,Delhi,Cochin,23:05:00,12:35:00,810,2.0,No Info,12819
Air India,2019-03-03,Delhi,Cochin,19:45:00,19:15:00,1410,2.0,No Info,12856
Air India,2019-06-06,Delhi,Cochin,21:00:00,07:40:00,640,1.0,No Info,8372
Multiple Carriers,2019-06-27,Delhi,Cochin,04:55:00,19:15:00,860,1.0,No Info,7155
Jet Airways,2019-06-06,Kolkata,Banglore,06:30:00,12:00:00,330,1.0,In-flight meal not included,10844
Jet Airways,2019-05-27,Delhi,Cochin,18:15:00,19:00:00,1485,1.0,In-flight meal not included,12898
Jet Airways,2019-03-12,Banglore,New Delhi,22:55:00,10:25:00,690,1.0,No Info,13817
Spicejet,2019-05-01,Kolkata,Banglore,17:10:00,19:40:00,150,0.0,No Info,4174
Multiple Carriers,2019-05-27,Delhi,Cochin,11:30:00,21:00:00,570,1.0,In-flight meal not included,6943
Indigo,2019-05-18,Chennai,Kolkata,22:05:00,00:25:00,140,0.0,No Info,5277
Jet Airways,2019-06-12,Delhi,Cochin,18:25:00,12:35:00,1090,2.0,No Info,14237
Indigo,2019-04-01,Kolkata,Banglore,17:15:00,19:50:00,155,0.0,No Info,4174
Goair,2019-06-24,Delhi,Cochin,10:35:00,19:35:00,540,1.0,No Info,3876
Jet Airways,2019-06-12,Delhi,Cochin,20:00:00,12:35:00,995,2.0,No Info,14300
Indigo,2019-06-21,Kolkata,Banglore,14:25:00,16:55:00,150,0.0,No Info,5224
Jet Airways,2019-04-21,Banglore,Delhi,15:15:00,18:10:00,175,0.0,No Info,7229
Indigo,2019-06-24,Delhi,Cochin,06:40:00,21:00:00,860,1.0,No Info,6093
Jet Airways,2019-03-24,Kolkata,Banglore,08:25:00,16:20:00,475,1.0,In-flight meal not included,10031
Jet Airways,2019-06-06,Delhi,Cochin,18:25:00,04:25:00,600,2.0,In-flight meal not included,12142
Jet Airways,2019-05-06,Kolkata,Banglore,21:10:00,08:15:00,665,1.0,No Info,13584
Air India,2019-05-27,Banglore,Delhi,10:00:00,12:45:00,165,0.0,No Info,6961
Air India,2019-03-01,Delhi,Cochin,23:00:00,19:15:00,1215,1.0,No Info,27430
Jet Airways,2019-04-01,Kolkata,Banglore,16:30:00,04:40:00,730,1.0,In-flight meal not included,7064
Jet Airways,2019-03-24,Kolkata,Banglore,08:25:00,12:00:00,1655,1.0,In-flight meal not included,10031
Indigo,2019-05-06,Kolkata,Banglore,04:40:00,07:15:00,155,0.0,No Info,4804
Indigo,2019-04-06,Banglore,Delhi,10:10:00,13:00:00,170,0.0,No Info,4423
Multiple Carriers,2019-06-12,Delhi,Cochin,11:25:00,19:00:00,455,1.0,No Info,10877
Air India,2019-05-03,Banglore,Delhi,21:05:00,23:55:00,170,0.0,No Info,6121
Air India,2019-03-01,Banglore,New Delhi,10:30:00,17:45:00,435,2.0,Change airports,17461
Jet Airways,2019-05-12,Kolkata,Banglore,14:05:00,20:45:00,400,1.0,In-flight meal not included,10844
Air Asia,2019-05-12,Kolkata,Banglore,07:35:00,23:30:00,955,1.0,No Info,5320
Vistara,2019-04-09,Banglore,Delhi,11:30:00,14:20:00,170,0.0,No Info,5403
Air Asia,2019-06-09,Delhi,Cochin,20:45:00,07:10:00,625,1.0,No Info,10794
Jet Airways,2019-05-18,Kolkata,Banglore,09:35:00,09:45:00,1450,1.0,No Info,14151
Goair,2019-05-27,Banglore,Delhi,07:45:00,10:40:00,175,0.0,No Info,3419
Jet Airways,2019-03-24,Kolkata,Banglore,13:55:00,22:35:00,520,1.0,In-flight meal not included,11134
Air India,2019-06-03,Delhi,Cochin,13:20:00,07:40:00,1100,2.0,No Info,11911
Jet Airways,2019-06-09,Delhi,Cochin,08:00:00,04:25:00,1225,1.0,In-flight meal not included,10262
Air India,2019-04-24,Banglore,Delhi,21:05:00,23:55:00,170,0.0,No Info,5228
Jet Airways,2019-06-06,Kolkata,Banglore,20:25:00,18:00:00,1295,1.0,In-flight meal not included,10539
Multiple Carriers,2019-05-18,Delhi,Cochin,08:45:00,19:15:00,630,1.0,No Info,8476
Air India,2019-06-15,Delhi,Cochin,09:00:00,19:15:00,615,1.0,No Info,10454
Indigo,2019-05-03,Banglore,Delhi,10:10:00,13:00:00,170,0.0,No Info,3943
Indigo,2019-05-24,Banglore,Delhi,23:30:00,02:20:00,170,0.0,No Info,4591
Indigo,2019-05-09,Banglore,Delhi,10:10:00,13:00:00,170,0.0,No Info,3943
Air India,2019-05-06,Banglore,Delhi,10:00:00,12:45:00,165,0.0,No Info,5228
Multiple Carriers,2019-03-27,Delhi,Cochin,10:00:00,18:50:00,530,1.0,No Info,11667
Indigo,2019-03-06,Mumbai,Hyderabad,02:30:00,04:00:00,90,0.0,No Info,3175
Indigo,2019-04-27,Banglore,Delhi,18:55:00,21:50:00,175,0.0,No Info,4823
Vistara,2019-06-24,Banglore,Delhi,09:45:00,12:35:00,170,0.0,No Info,4668
Jet Airways,2019-06-12,Delhi,Cochin,08:00:00,04:25:00,1225,1.0,In-flight meal not included,10577
Indigo,2019-06-15,Delhi,Cochin,17:30:00,01:30:00,480,1.0,No Info,5883
Jet Airways,2019-06-09,Delhi,Cochin,09:00:00,19:00:00,600,1.0,No Info,14714
Spicejet,2019-06-15,Kolkata,Banglore,09:00:00,11:25:00,145,0.0,No Info,3873
Indigo,2019-06-01,Chennai,Kolkata,19:35:00,21:55:00,140,0.0,No Info,3597
Jet Airways,2019-03-12,Banglore,New Delhi,20:35:00,23:00:00,1585,1.0,In-flight meal not included,11087
Spicejet,2019-06-21,Kolkata,Banglore,06:55:00,09:30:00,155,0.0,No check-in baggage included,3841
Multiple Carriers,2019-05-15,Delhi,Cochin,11:35:00,21:00:00,565,3.0,No Info,16294
Jet Airways,2019-03-06,Banglore,New Delhi,08:55:00,15:15:00,380,1.0,No Info,19225
Air India,2019-05-21,Banglore,Delhi,17:00:00,19:50:00,170,0.0,No Info,6961
Indigo,2019-06-03,Delhi,Cochin,17:05:00,22:25:00,320,1.0,No Info,6493
Indigo,2019-03-24,Banglore,New Delhi,16:55:00,19:45:00,170,0.0,No Info,7303
Jet Airways,2019-03-12,Banglore,New Delhi,05:50:00,15:00:00,550,1.0,No Info,11297
Jet Airways,2019-03-24,Kolkata,Banglore,21:10:00,09:15:00,725,1.0,No Info,14231
Jet Airways,2019-06-03,Delhi,Cochin,21:50:00,04:25:00,395,1.0,In-flight meal not included,12898
Indigo,2019-03-03,Delhi,Cochin,06:40:00,16:10:00,570,1.0,No Info,9027
Spicejet,2019-06-21,Kolkata,Banglore,09:00:00,11:25:00,145,0.0,No check-in baggage included,3841
Indigo,2019-04-24,Kolkata,Banglore,15:15:00,17:45:00,150,0.0,No Info,4804
Jet Airways,2019-05-06,Kolkata,Banglore,14:05:00,20:45:00,400,1.0,In-flight meal not included,9663
Air India,2019-04-21,Delhi,Cochin,06:10:00,23:00:00,1010,1.0,No Info,7174
Multiple Carriers,2019-06-24,Delhi,Cochin,06:00:00,19:00:00,780,1.0,No Info,12524
Air India,2019-04-01,Delhi,Cochin,09:45:00,09:25:00,1420,1.0,No Info,5117
Spicejet,2019-06-03,Mumbai,Hyderabad,13:15:00,14:45:00,90,0.0,No check-in baggage included,1965
Jet Airways,2019-06-09,Kolkata,Banglore,21:10:00,22:35:00,1525,1.0,In-flight meal not included,10844
Air India,2019-03-01,Banglore,New Delhi,08:50:00,10:35:00,1545,2.0,No Info,31783
Indigo,2019-04-15,Kolkata,Banglore,19:35:00,23:15:00,220,1.0,No Info,4226
Indigo,2019-03-03,Kolkata,Banglore,09:35:00,12:20:00,165,0.0,No Info,6565
Jet Airways,2019-06-06,Kolkata,Banglore,18:55:00,22:35:00,1660,1.0,In-flight meal not included,10844
Spicejet,2019-06-06,Chennai,Kolkata,17:45:00,20:05:00,140,0.0,No check-in baggage included,3543
Jet Airways,2019-05-21,Delhi,Cochin,16:00:00,12:35:00,1235,1.0,In-flight meal not included,12898
Spicejet,2019-06-03,Mumbai,Hyderabad,22:45:00,00:15:00,90,0.0,No Info,2017
Spicejet,2019-03-18,Mumbai,Hyderabad,22:45:00,00:10:00,85,0.0,No check-in baggage included,1965
Spicejet,2019-04-06,Kolkata,Banglore,09:00:00,11:25:00,145,0.0,No check-in baggage included,3841
Spicejet,2019-03-06,Kolkata,Banglore,06:55:00,09:35:00,160,0.0,No Info,3850
Air India,2019-06-12,Delhi,Cochin,05:10:00,08:00:00,170,0.0,No Info,5201
Indigo,2019-04-01,Banglore,Delhi,07:10:00,10:05:00,175,0.0,No Info,4823
Jet Airways,2019-03-06,Banglore,New Delhi,08:00:00,19:10:00,670,1.0,No Info,16736
Jet Airways,2019-06-18,Mumbai,Hyderabad,08:45:00,10:15:00,90,0.0,No Info,8040
Multiple Carriers,2019-06-03,Delhi,Cochin,08:45:00,19:15:00,630,1.0,No Info,9001
Jet Airways,2019-06-09,Delhi,Cochin,02:15:00,04:25:00,1570,1.0,In-flight meal not included,10262
Jet Airways,2019-03-06,Delhi,Cochin,11:30:00,04:25:00,1015,1.0,In-flight meal not included,13843
Air India,2019-03-27,Delhi,Cochin,05:55:00,07:40:00,1545,2.0,No Info,8971
Jet Airways,2019-06-01,Delhi,Cochin,10:00:00,04:25:00,1105,1.0,In-flight meal not included,10262
Multiple Carriers,2019-06-03,Delhi,Cochin,13:00:00,19:15:00,375,1.0,No Info,14848
Spicejet,2019-06-06,Mumbai,Hyderabad,05:45:00,07:15:00,90,0.0,No check-in baggage included,2647
Air India,2019-05-09,Delhi,Cochin,14:10:00,17:10:00,180,0.0,No Info,6094
Spicejet,2019-03-06,Chennai,Kolkata,09:30:00,12:05:00,155,0.0,No Info,7298
Jet Airways,2019-06-27,Banglore,Delhi,19:50:00,22:50:00,180,0.0,In-flight meal not included,7229
Goair,2019-06-01,Banglore,Delhi,11:40:00,14:30:00,170,0.0,No Info,3898
Indigo,2019-03-21,Banglore,New Delhi,04:00:00,06:50:00,170,0.0,No Info,4777
Air India,2019-05-24,Kolkata,Banglore,17:30:00,20:25:00,1615,1.0,No Info,10623
Jet Airways,2019-03-24,Banglore,New Delhi,19:55:00,22:35:00,160,0.0,No Info,7229
Multiple Carriers Premium Economy,2019-03-21,Delhi,Cochin,07:30:00,19:15:00,705,1.0,No Info,10161
Vistara,2019-05-15,Kolkata,Banglore,07:10:00,18:50:00,700,1.0,No Info,9345
Air India,2019-03-03,Delhi,Cochin,16:40:00,19:15:00,1595,2.0,No Info,14011
Indigo,2019-05-01,Chennai,Kolkata,14:45:00,17:05:00,140,0.0,No Info,3597
Jet Airways,2019-06-12,Delhi,Cochin,11:45:00,12:35:00,1490,2.0,No Info,13882
Spicejet,2019-06-27,Chennai,Kolkata,09:45:00,12:00:00,135,0.0,No check-in baggage included,3543
Air India,2019-05-06,Kolkata,Banglore,17:30:00,08:55:00,925,1.0,No Info,10203
Spicejet,2019-04-09,Banglore,Delhi,21:10:00,00:05:00,175,0.0,No check-in baggage included,3919
Indigo,2019-06-24,Delhi,Cochin,05:05:00,16:10:00,665,1.0,No Info,6442
Indigo,2019-05-18,Delhi,Cochin,05:10:00,10:05:00,295,1.0,No Info,7580
Spicejet,2019-06-01,Kolkata,Banglore,06:55:00,09:30:00,155,0.0,No Info,3873
Jet Airways,2019-03-06,Delhi,Cochin,13:00:00,18:50:00,350,1.0,In-flight meal not included,15103
Air India,2019-05-15,Kolkata,Banglore,10:00:00,13:45:00,1665,2.0,No Info,16057
Indigo,2019-03-09,Kolkata,Banglore,05:30:00,08:20:00,170,0.0,No Info,4148
Vistara,2019-04-18,Delhi,Cochin,14:40:00,17:50:00,190,0.0,No Info,6216
Jet Airways,2019-03-06,Delhi,Cochin,13:00:00,04:25:00,925,1.0,In-flight meal not included,13843
Multiple Carriers,2019-03-06,Delhi,Cochin,13:00:00,21:00:00,480,1.0,No Info,15603
Indigo,2019-05-01,Chennai,Kolkata,13:15:00,15:35:00,140,0.0,No Info,3597
Jet Airways,2019-06-15,Delhi,Cochin,19:30:00,12:35:00,1025,2.0,No Info,13014
Jet Airways,2019-05-01,Kolkata,Banglore,08:25:00,20:45:00,740,1.0,No Info,14781
Jet Airways,2019-05-12,Kolkata,Banglore,10:20:00,17:35:00,435,1.0,No Info,9358
Jet Airways,2019-06-24,Banglore,Delhi,18:55:00,22:00:00,185,0.0,In-flight meal not included,6478
Jet Airways,2019-05-21,Delhi,Cochin,21:50:00,04:25:00,395,1.0,No Info,16079
Jet Airways,2019-06-09,Kolkata,Banglore,14:05:00,23:35:00,570,1.0,In-flight meal not included,10844
Jet Airways,2019-05-24,Kolkata,Banglore,08:25:00,19:50:00,685,1.0,In-flight meal not included,10844
Vistara,2019-06-12,Kolkata,Banglore,07:10:00,09:05:00,1555,1.0,No Info,7927
Indigo,2019-06-24,Banglore,Delhi,04:00:00,06:50:00,170,0.0,No Info,3943
Jet Airways,2019-06-27,Delhi,Cochin,21:50:00,12:35:00,885,1.0,In-flight meal not included,10262
Air India,2019-03-09,Chennai,Kolkata,11:40:00,13:55:00,135,0.0,No Info,7817
Jet Airways,2019-06-01,Delhi,Cochin,09:40:00,12:35:00,1615,2.0,No Info,13014
Jet Airways,2019-03-21,Banglore,New Delhi,05:45:00,16:10:00,625,1.0,In-flight meal not included,7832
Jet Airways,2019-04-01,Kolkata,Banglore,06:30:00,12:00:00,330,1.0,In-flight meal not included,10056
Vistara,2019-03-03,Delhi,Cochin,06:00:00,09:10:00,190,0.0,No Info,8001
Vistara,2019-06-06,Banglore,Delhi,09:45:00,12:35:00,170,0.0,No Info,4668
Air India,2019-03-09,Delhi,Cochin,22:00:00,19:15:00,1275,2.0,No Info,16373
Vistara,2019-05-06,Banglore,Delhi,09:45:00,12:35:00,170,0.0,No Info,4668
Jet Airways,2019-03-18,Banglore,New Delhi,05:45:00,18:25:00,760,1.0,No Info,12284
Spicejet,2019-04-21,Banglore,Delhi,05:55:00,08:35:00,160,0.0,No Info,4423
Jet Airways,2019-06-09,Kolkata,Banglore,10:20:00,17:35:00,435,1.0,No Info,8355
Indigo,2019-06-24,Delhi,Cochin,08:35:00,22:30:00,835,1.0,No Info,6442
Vistara,2019-03-09,Banglore,New Delhi,21:10:00,00:05:00,175,0.0,No Info,7240
Jet Airways,2019-06-09,Kolkata,Banglore,09:35:00,22:05:00,750,1.0,In-flight meal not included,13994
Jet Airways,2019-05-21,Kolkata,Banglore,20:25:00,22:05:00,1540,1.0,No Info,13067
Air India,2019-05-18,Delhi,Cochin,20:30:00,23:00:00,1590,1.0,No Info,8907
Jet Airways,2019-03-12,Banglore,New Delhi,20:35:00,19:10:00,1355,1.0,In-flight meal not included,11087
Air Asia,2019-04-27,Delhi,Cochin,07:55:00,22:25:00,870,1.0,No Info,6451
Air India,2019-04-09,Banglore,Delhi,05:45:00,08:45:00,180,0.0,No Info,4441
Jet Airways,2019-05-18,Kolkata,Banglore,05:45:00,08:15:00,1590,1.0,No Info,13941
Jet Airways,2019-06-27,Delhi,Cochin,22:50:00,19:00:00,1210,1.0,In-flight meal not included,10262
Jet Airways,2019-03-12,Banglore,New Delhi,16:55:00,07:40:00,885,1.0,No Info,13817
Jet Airways,2019-05-27,Delhi,Cochin,23:05:00,12:35:00,810,2.0,No Info,15129
Indigo,2019-04-09,Kolkata,Banglore,15:15:00,20:05:00,290,1.0,No Info,4268
Air India,2019-04-01,Banglore,Delhi,13:20:00,16:10:00,170,0.0,No Info,5911
Jet Airways,2019-05-21,Delhi,Cochin,09:35:00,12:35:00,1620,2.0,No Info,13559
Indigo,2019-04-27,Kolkata,Banglore,20:20:00,22:55:00,155,0.0,No Info,4804
Jet Airways,2019-06-12,Delhi,Cochin,21:50:00,04:25:00,395,1.0,No Info,14714
Jet Airways,2019-03-12,Banglore,New Delhi,21:25:00,07:40:00,615,1.0,No Info,11717
Air India,2019-03-01,Banglore,New Delhi,05:50:00,16:20:00,630,2.0,Change airports,15119
Vistara,2019-04-01,Kolkata,Banglore,17:00:00,09:05:00,965,1.0,No Info,8662
Multiple Carriers,2019-05-27,Delhi,Cochin,12:50:00,21:00:00,490,1.0,No Info,7005
Indigo,2019-05-06,Chennai,Kolkata,05:15:00,07:40:00,145,0.0,No Info,3540
Jet Airways,2019-06-06,Delhi,Cochin,15:00:00,04:25:00,805,1.0,No Info,14714
Multiple Carriers,2019-03-06,Delhi,Cochin,13:55:00,21:00:00,425,1.0,In-flight meal not included,15136
Indigo,2019-03-03,Delhi,Cochin,06:40:00,12:00:00,320,1.0,No Info,9304
Indigo,2019-03-03,Mumbai,Hyderabad,06:20:00,07:45:00,85,0.0,No Info,4784
Spicejet,2019-06-15,Mumbai,Hyderabad,13:15:00,14:45:00,90,0.0,No check-in baggage included,1965
Goair,2019-06-24,Banglore,Delhi,07:45:00,10:40:00,175,0.0,No Info,3898
Air India,2019-05-18,Delhi,Cochin,05:10:00,08:00:00,170,0.0,No Info,6934
Jet Airways,2019-05-01,Kolkata,Banglore,20:25:00,14:25:00,1080,1.0,In-flight meal not included,9314
Multiple Carriers,2019-03-03,Delhi,Cochin,07:10:00,22:20:00,910,1.0,In-flight meal not included,11125
Goair,2019-04-27,Banglore,Delhi,07:45:00,10:40:00,175,0.0,No Info,5048
Jet Airways,2019-06-12,Kolkata,Banglore,18:55:00,20:45:00,1550,1.0,In-flight meal not included,8529
Spicejet,2019-03-21,Kolkata,Banglore,17:15:00,19:45:00,150,0.0,No Info,3847
Air Asia,2019-05-24,Kolkata,Banglore,15:10:00,23:30:00,500,2.0,No Info,5192
Jet Airways,2019-05-01,Kolkata,Banglore,17:00:00,23:35:00,395,1.0,In-flight meal not included,12384
Jet Airways,2019-05-21,Delhi,Cochin,05:30:00,19:00:00,810,2.0,No Info,15129
Spicejet,2019-03-21,Kolkata,Banglore,09:00:00,11:30:00,150,0.0,No Info,4148
Vistara,2019-06-12,Kolkata,Banglore,07:10:00,18:50:00,700,1.0,No Info,8610
Multiple Carriers,2019-03-21,Delhi,Cochin,13:00:00,01:35:00,755,1.0,No Info,8098
Spicejet,2019-06-06,Banglore,Delhi,21:10:00,00:05:00,175,0.0,No Info,3311
Indigo,2019-03-03,Banglore,New Delhi,12:10:00,17:05:00,295,1.0,No Info,8738
Indigo,2019-06-24,Delhi,Cochin,07:35:00,16:10:00,515,1.0,No Info,6442
Jet Airways,2019-04-15,Delhi,Cochin,11:30:00,19:00:00,450,1.0,In-flight meal not included,6542
Jet Airways,2019-06-24,Delhi,Cochin,22:50:00,12:35:00,825,1.0,In-flight meal not included,10262
Air India,2019-05-06,Kolkata,Banglore,09:25:00,01:20:00,955,2.0,No Info,11458
Multiple Carriers,2019-03-06,Delhi,Cochin,09:45:00,21:20:00,695,2.0,No Info,10444
Jet Airways,2019-06-24,Delhi,Cochin,09:00:00,04:25:00,1165,1.0,In-flight meal not included,10262
Indigo,2019-06-24,Mumbai,Hyderabad,06:25:00,07:55:00,90,0.0,No Info,4049
Vistara,2019-03-15,Delhi,Cochin,14:55:00,17:50:00,175,0.0,No Info,6688
Indigo,2019-05-21,Delhi,Cochin,16:10:00,00:55:00,525,1.0,No Info,6778
Indigo,2019-05-18,Delhi,Cochin,20:25:00,01:30:00,305,1.0,No Info,6069
Jet Airways,2019-06-24,Mumbai,Hyderabad,02:55:00,04:20:00,85,0.0,In-flight meal not included,4050
Indigo,2019-06-24,Mumbai,Hyderabad,19:05:00,20:35:00,90,0.0,No Info,2754
Jet Airways,2019-03-06,Banglore,New Delhi,08:00:00,15:15:00,435,1.0,No Info,19225
Indigo,2019-06-15,Mumbai,Hyderabad,12:00:00,13:30:00,90,0.0,No Info,2754
Jet Airways,2019-06-12,Delhi,Cochin,09:00:00,19:00:00,600,1.0,No Info,14714
Spicejet,2019-05-01,Mumbai,Hyderabad,22:45:00,00:15:00,90,0.0,No check-in baggage included,1965
Indigo,2019-06-03,Banglore,Delhi,18:55:00,21:50:00,175,0.0,No Info,4823
Multiple Carriers,2019-05-15,Delhi,Cochin,10:00:00,21:00:00,660,1.0,No Info,8073
Air India,2019-05-09,Delhi,Cochin,12:30:00,09:25:00,1255,1.0,No Info,7480
Air India,2019-06-27,Delhi,Cochin,16:40:00,19:15:00,1595,2.0,No Info,9653
Spicejet,2019-06-21,Kolkata,Banglore,06:55:00,09:30:00,155,0.0,No Info,3873
Air India,2019-06-27,Delhi,Cochin,19:45:00,19:15:00,1410,2.0,No Info,9653
Jet Airways,2019-05-01,Kolkata,Banglore,14:05:00,08:15:00,1090,1.0,No Info,13941
Spicejet,2019-04-09,Kolkata,Banglore,22:20:00,00:40:00,140,0.0,No Info,3873
Indigo,2019-04-27,Banglore,Delhi,20:00:00,22:50:00,170,0.0,No Info,4823
Air India,2019-06-12,Delhi,Cochin,20:30:00,23:00:00,1590,1.0,No Info,8907
Air India,2019-04-01,Kolkata,Banglore,12:00:00,18:30:00,1830,2.0,No Info,9258
Multiple Carriers,2019-05-27,Delhi,Cochin,07:30:00,19:00:00,690,1.0,No Info,9315
Indigo,2019-06-03,Kolkata,Banglore,09:35:00,12:10:00,155,0.0,No Info,4804
Jet Airways,2019-05-27,Delhi,Cochin,20:00:00,04:25:00,505,2.0,No Info,16263
Air India,2019-06-03,Delhi,Cochin,06:50:00,07:40:00,1490,2.0,No Info,13381
Jet Airways,2019-03-24,Kolkata,Banglore,06:30:00,22:35:00,965,1.0,No Info,13339
Indigo,2019-05-09,Kolkata,Banglore,15:15:00,20:30:00,315,1.0,No Info,4565
Indigo,2019-05-01,Banglore,Delhi,23:30:00,02:20:00,170,0.0,No Info,4591
Jet Airways,2019-05-21,Kolkata,Banglore,17:00:00,18:00:00,1500,1.0,No Info,14151
Indigo,2019-04-03,Kolkata,Banglore,11:30:00,14:05:00,155,0.0,No Info,4174
Spicejet,2019-03-21,Banglore,New Delhi,09:35:00,12:30:00,175,0.0,No Info,4945
Multiple Carriers,2019-03-06,Delhi,Cochin,08:55:00,15:30:00,395,1.0,No Info,15147
Air India,2019-06-09,Delhi,Cochin,20:40:00,09:25:00,765,1.0,No Info,7690
Multiple Carriers,2019-06-27,Delhi,Cochin,07:30:00,19:15:00,705,1.0,No Info,8266
Indigo,2019-06-06,Kolkata,Banglore,15:15:00,20:30:00,315,1.0,No Info,5170
Jet Airways,2019-06-27,Delhi,Cochin,23:05:00,19:00:00,1195,2.0,In-flight meal not included,11150
Jet Airways,2019-06-09,Kolkata,Banglore,20:25:00,09:45:00,800,1.0,In-flight meal not included,13469
Jet Airways,2019-05-27,Delhi,Cochin,07:05:00,04:25:00,1280,1.0,In-flight meal not included,12898
Indigo,2019-03-09,Delhi,Cochin,16:00:00,01:35:00,575,1.0,No Info,13611
Air India,2019-06-12,Kolkata,Banglore,10:00:00,05:25:00,1165,2.0,No Info,13532
Indigo,2019-05-15,Chennai,Kolkata,07:55:00,10:15:00,140,0.0,No Info,3850
Jet Airways,2019-05-09,Kolkata,Banglore,17:00:00,21:05:00,1685,1.0,No Info,13067
Spicejet,2019-05-09,Mumbai,Hyderabad,22:45:00,00:15:00,90,0.0,No Info,2017
Jet Airways,2019-03-18,Banglore,New Delhi,14:05:00,20:20:00,375,1.0,In-flight meal not included,11087
Indigo,2019-06-09,Delhi,Cochin,11:25:00,21:00:00,575,1.0,No Info,6416
Indigo,2019-06-06,Delhi,Cochin,16:10:00,22:30:00,380,1.0,No Info,6938
Jet Airways,2019-03-24,Kolkata,Banglore,16:55:00,19:40:00,1605,1.0,In-flight meal not included,11134
Vistara,2019-05-12,Kolkata,Banglore,07:10:00,23:25:00,975,1.0,No Info,9345
Air India,2019-05-01,Kolkata,Banglore,05:50:00,16:15:00,2065,2.0,No Info,10991
Jet Airways,2019-05-18,Kolkata,Banglore,16:30:00,23:35:00,425,1.0,In-flight meal not included,10844
Indigo,2019-03-09,Chennai,Kolkata,07:55:00,10:15:00,140,0.0,No Info,6297
Jet Airways,2019-05-21,Kolkata,Banglore,16:30:00,22:35:00,365,1.0,No Info,14781
Spicejet,2019-06-06,Delhi,Cochin,06:05:00,11:20:00,315,1.0,No Info,5583
Jet Airways,2019-03-24,Kolkata,Banglore,13:55:00,20:40:00,405,1.0,In-flight meal not included,11134
Spicejet,2019-04-21,Banglore,Delhi,09:30:00,12:20:00,170,0.0,No Info,4991
Indigo,2019-04-18,Banglore,Delhi,18:25:00,21:20:00,175,0.0,No Info,4990
Jet Airways,2019-05-09,Kolkata,Banglore,09:35:00,22:05:00,750,1.0,No Info,14151
Jet Airways,2019-03-06,Delhi,Cochin,19:10:00,04:25:00,1995,2.0,No Info,20694
Spicejet,2019-04-21,Kolkata,Banglore,09:00:00,11:25:00,145,0.0,No Info,4491
Jet Airways,2019-03-12,Banglore,New Delhi,22:55:00,20:20:00,1285,1.0,In-flight meal not included,11087
Jet Airways,2019-03-15,Banglore,New Delhi,05:45:00,11:25:00,340,1.0,In-flight meal not included,9134
Multiple Carriers,2019-05-15,Delhi,Cochin,17:00:00,01:30:00,510,1.0,No Info,8073
Vistara,2019-05-03,Banglore,Delhi,07:00:00,09:40:00,160,0.0,No Info,4668
Jet Airways,2019-05-18,Kolkata,Banglore,05:45:00,18:15:00,750,1.0,No Info,14781
Jet Airways,2019-04-21,Banglore,Delhi,06:00:00,08:45:00,165,0.0,In-flight meal not included,4544
Multiple Carriers,2019-06-12,Delhi,Cochin,07:05:00,19:15:00,730,1.0,In-flight meal not included,11667
Air India,2019-03-15,Banglore,New Delhi,22:00:00,23:20:00,1520,1.0,No Info,6850
Spicejet,2019-05-03,Kolkata,Banglore,09:00:00,11:25:00,145,0.0,No Info,3873
Multiple Carriers,2019-06-27,Delhi,Cochin,10:00:00,19:15:00,555,1.0,No Info,14848
Multiple Carriers,2019-03-27,Delhi,Cochin,09:55:00,21:00:00,665,1.0,No Info,12537
Indigo,2019-06-03,Mumbai,Hyderabad,06:25:00,07:55:00,90,0.0,No Info,4049
Spicejet,2019-04-27,Banglore,Delhi,09:30:00,12:20:00,170,0.0,No check-in baggage included,4885
Multiple Carriers,2019-03-03,Delhi,Cochin,13:55:00,21:00:00,425,1.0,No Info,17057
Goair,2019-04-15,Delhi,Cochin,10:35:00,19:35:00,540,1.0,No Info,5752
Jet Airways,2019-03-12,Banglore,New Delhi,21:25:00,12:25:00,900,1.0,No Info,13817
Jet Airways,2019-05-21,Kolkata,Banglore,06:30:00,19:50:00,800,1.0,No Info,14781
Indigo,2019-03-15,Banglore,New Delhi,16:55:00,19:45:00,170,0.0,No Info,8033
Jet Airways,2019-06-24,Delhi,Cochin,15:00:00,19:00:00,1680,1.0,In-flight meal not included,10262
Air Asia,2019-03-03,Delhi,Cochin,16:45:00,22:15:00,330,1.0,No Info,13774
Indigo,2019-05-09,Kolkata,Banglore,22:15:00,00:50:00,155,0.0,No Info,4804
Jet Airways,2019-03-06,Banglore,New Delhi,14:05:00,20:20:00,375,1.0,No Info,19225
Spicejet,2019-06-12,Mumbai,Hyderabad,13:15:00,14:45:00,90,0.0,No Info,2017
Spicejet,2019-05-09,Kolkata,Banglore,17:10:00,19:40:00,150,0.0,No check-in baggage included,3841
Air India,2019-05-01,Kolkata,Banglore,05:50:00,08:55:00,1625,2.0,No Info,10991
Vistara,2019-04-27,Banglore,Delhi,19:30:00,22:15:00,165,0.0,No Info,5613
Indigo,2019-03-03,Delhi,Cochin,07:30:00,13:20:00,350,1.0,No Info,13628
Jet Airways,2019-06-01,Delhi,Cochin,07:05:00,19:00:00,715,1.0,In-flight meal not included,15190
Indigo,2019-05-18,Delhi,Cochin,05:05:00,12:10:00,425,1.0,No Info,7520
Jet Airways,2019-06-09,Delhi,Cochin,21:50:00,04:25:00,395,1.0,In-flight meal not included,10262
Indigo,2019-04-03,Delhi,Cochin,21:05:00,00:20:00,195,0.0,No Info,5021
Spicejet,2019-03-15,Kolkata,Banglore,17:15:00,19:45:00,150,0.0,No check-in baggage included,3815
Jet Airways,2019-05-09,Kolkata,Banglore,14:05:00,18:15:00,1690,1.0,No Info,13584
Multiple Carriers,2019-06-15,Delhi,Cochin,07:30:00,19:00:00,690,1.0,No Info,10877
Jet Airways,2019-06-27,Banglore,Delhi,07:10:00,10:10:00,180,0.0,In-flight meal not included,6478
Indigo,2019-06-03,Delhi,Cochin,07:35:00,12:10:00,275,1.0,No Info,6069
Air India,2019-06-01,Delhi,Cochin,13:30:00,23:00:00,570,1.0,No Info,8907
Indigo,2019-06-18,Banglore,Delhi,21:15:00,00:15:00,180,0.0,No Info,3943
Multiple Carriers,2019-03-03,Delhi,Cochin,02:15:00,15:30:00,795,1.0,No Info,17057
Air India,2019-03-03,Delhi,Cochin,20:00:00,19:15:00,1395,2.0,No Info,17266
Goair,2019-05-27,Delhi,Cochin,07:00:00,12:55:00,355,1.0,No Info,5752
Indigo,2019-04-15,Banglore,Delhi,08:30:00,11:20:00,170,0.0,No Info,4823
Jet Airways,2019-05-24,Kolkata,Banglore,14:05:00,04:40:00,875,1.0,No Info,13731
Multiple Carriers,2019-05-09,Delhi,Cochin,11:25:00,19:00:00,455,1.0,No Info,9103
Air India,2019-03-01,Banglore,New Delhi,05:50:00,11:20:00,1770,4.0,Change airports,17686
Spicejet,2019-04-18,Banglore,Delhi,21:10:00,00:05:00,175,0.0,No Info,5621
Spicejet,2019-06-06,Kolkata,Banglore,15:55:00,21:25:00,330,1.0,No Info,8224
Jet Airways,2019-05-12,Kolkata,Banglore,09:35:00,23:35:00,840,1.0,No Info,14151
Jet Airways,2019-06-12,Kolkata,Banglore,18:55:00,18:15:00,1400,1.0,In-flight meal not included,8529
Air Asia,2019-03-03,Banglore,New Delhi,05:50:00,08:40:00,170,0.0,No Info,7652
Multiple Carriers,2019-03-03,Delhi,Cochin,09:45:00,16:10:00,385,1.0,No Info,11265
Spicejet,2019-04-15,Delhi,Cochin,06:05:00,11:20:00,315,1.0,No Info,5583
Multiple Carriers,2019-04-09,Delhi,Cochin,17:00:00,01:30:00,510,1.0,No Info,6838
Jet Airways,2019-06-24,Delhi,Cochin,14:35:00,04:25:00,830,2.0,No Info,13376
Indigo,2019-04-09,Kolkata,Banglore,21:25:00,00:05:00,160,0.0,No Info,4174
Vistara,2019-04-01,Kolkata,Banglore,20:20:00,10:45:00,865,1.0,No Info,8505
Spicejet,2019-03-01,Kolkata,Banglore,22:20:00,00:40:00,140,0.0,No Info,5515
Jet Airways,2019-03-21,Delhi,Cochin,02:15:00,18:50:00,995,1.0,No Info,12719
Air India,2019-04-01,Kolkata,Banglore,07:00:00,05:25:00,1345,2.0,No Info,12219
Spicejet,2019-05-09,Mumbai,Hyderabad,05:45:00,07:15:00,90,0.0,No Info,2017
Indigo,2019-03-24,Kolkata,Banglore,15:10:00,20:15:00,305,1.0,No Info,6762
Indigo,2019-06-03,Kolkata,Banglore,20:25:00,23:10:00,165,0.0,No Info,4804
Spicejet,2019-05-27,Mumbai,Hyderabad,05:45:00,07:15:00,90,0.0,No Info,2017
Jet Airways,2019-06-06,Mumbai,Hyderabad,07:05:00,08:30:00,85,0.0,In-flight meal not included,4995
Jet Airways,2019-04-09,Banglore,Delhi,08:20:00,11:20:00,180,0.0,No Info,7229
Air India,2019-05-06,Kolkata,Banglore,16:45:00,12:00:00,1155,2.0,No Info,14120
Multiple Carriers,2019-03-06,Delhi,Cochin,10:20:00,01:35:00,915,1.0,No Info,15147
Jet Airways,2019-04-01,Mumbai,Hyderabad,10:20:00,11:50:00,90,0.0,No Info,8040
Air India,2019-03-03,Delhi,Cochin,04:00:00,07:40:00,1660,1.0,No Info,14462
Jet Airways,2019-03-09,Delhi,Cochin,13:45:00,18:50:00,1745,2.0,No Info,18752
Indigo,2019-06-24,Delhi,Cochin,08:30:00,21:00:00,750,1.0,No Info,6093
Air Asia,2019-03-24,Kolkata,Banglore,07:35:00,22:55:00,920,1.0,No Info,6785
Jet Airways,2019-05-18,Kolkata,Banglore,08:25:00,12:00:00,1655,1.0,In-flight meal not included,10844
Jet Airways,2019-03-21,Banglore,New Delhi,08:55:00,07:40:00,1365,1.0,In-flight meal not included,7412
Jet Airways,2019-06-15,Banglore,Delhi,08:20:00,11:20:00,180,0.0,No Info,8016
Indigo,2019-05-15,Kolkata,Banglore,14:25:00,16:55:00,150,0.0,No Info,5224
Air India,2019-05-24,Kolkata,Banglore,10:00:00,01:20:00,920,2.0,No Info,13873
Jet Airways,2019-04-15,Banglore,Delhi,17:45:00,20:45:00,180,0.0,No Info,7229
Spicejet,2019-03-03,Chennai,Kolkata,17:45:00,20:05:00,140,0.0,No Info,7298
Vistara,2019-04-15,Banglore,Delhi,19:30:00,22:15:00,165,0.0,No Info,5613
Indigo,2019-03-27,Delhi,Cochin,17:30:00,01:35:00,485,1.0,No Info,6628
Indigo,2019-03-24,Kolkata,Banglore,14:30:00,20:10:00,340,1.0,No Info,9413
Multiple Carriers,2019-03-27,Delhi,Cochin,06:00:00,19:15:00,795,1.0,No Info,8371
Jet Airways,2019-05-01,Kolkata,Banglore,21:10:00,08:15:00,665,1.0,In-flight meal not included,10844
Jet Airways,2019-06-12,Kolkata,Banglore,20:00:00,04:40:00,520,1.0,No Info,12576
Multiple Carriers,2019-05-15,Delhi,Cochin,10:35:00,19:15:00,520,1.0,No Info,7575
Indigo,2019-04-24,Delhi,Cochin,06:50:00,12:10:00,320,1.0,No Info,5298
Indigo,2019-03-03,Delhi,Cochin,04:45:00,13:20:00,515,1.0,No Info,14871
Jet Airways,2019-05-09,Banglore,Delhi,19:50:00,22:50:00,180,0.0,In-flight meal not included,3502
Air India,2019-05-18,Delhi,Cochin,12:00:00,07:40:00,1180,2.0,No Info,8603
Spicejet,2019-06-06,Banglore,Delhi,09:30:00,12:20:00,170,0.0,No check-in baggage included,3919
Spicejet,2019-06-18,Mumbai,Hyderabad,22:45:00,00:15:00,90,0.0,No check-in baggage included,1965
Air Asia,2019-06-06,Banglore,Delhi,04:55:00,07:45:00,170,0.0,No Info,4282
Jet Airways,2019-06-06,Kolkata,Banglore,09:35:00,18:00:00,505,1.0,In-flight meal not included,10539
Spicejet,2019-04-03,Kolkata,Banglore,22:20:00,00:40:00,140,0.0,No Info,3873
Multiple Carriers,2019-06-06,Delhi,Cochin,17:30:00,01:30:00,480,1.0,No Info,13377
Vistara,2019-04-27,Banglore,Delhi,21:00:00,23:50:00,170,0.0,No Info,5403
Air India,2019-06-12,Delhi,Cochin,12:55:00,19:15:00,1820,2.0,No Info,12436
Vistara,2019-04-12,Banglore,Delhi,09:45:00,12:35:00,170,0.0,No Info,5403
Indigo,2019-06-18,Banglore,Delhi,10:10:00,13:00:00,170,0.0,No Info,3943
Jet Airways,2019-03-27,Delhi,Cochin,19:10:00,04:25:00,1995,2.0,In-flight meal not included,6643
Multiple Carriers,2019-03-27,Delhi,Cochin,04:00:00,15:30:00,690,1.0,No Info,6305
Indigo,2019-03-15,Chennai,Kolkata,11:35:00,14:00:00,145,0.0,No Info,6297
Goair,2019-05-09,Delhi,Cochin,14:25:00,19:35:00,310,1.0,No Info,10188
Jet Airways,2019-06-12,Delhi,Cochin,13:00:00,19:00:00,360,1.0,No Info,14714
Jet Airways,2019-05-06,Kolkata,Banglore,20:25:00,23:35:00,1630,1.0,In-flight meal not included,8066
Multiple Carriers,2019-03-09,Delhi,Cochin,08:00:00,19:15:00,675,1.0,No Info,19332
Air India,2019-06-12,Delhi,Cochin,06:50:00,07:40:00,1490,2.0,No Info,13381
Jet Airways,2019-06-09,Delhi,Cochin,21:35:00,12:35:00,900,2.0,No Info,13882
Jet Airways,2019-05-18,Kolkata,Banglore,20:00:00,09:20:00,800,1.0,In-flight meal not included,10844
Jet Airways,2019-05-21,Kolkata,Banglore,17:00:00,21:05:00,1685,1.0,No Info,14151
Air India,2019-05-09,Delhi,Cochin,12:55:00,19:15:00,1820,2.0,No Info,11596
Jet Airways,2019-05-21,Delhi,Cochin,09:50:00,13:05:00,195,0.0,In-flight meal not included,7202
Air India,2019-04-03,Mumbai,Hyderabad,19:30:00,20:45:00,75,0.0,No Info,2050
Indigo,2019-04-09,Banglore,Delhi,20:00:00,22:50:00,170,0.0,No Info,4823
Jet Airways,2019-05-18,Delhi,Cochin,14:00:00,19:00:00,300,1.0,In-flight meal not included,12373
Air India,2019-05-21,Delhi,Cochin,17:15:00,07:40:00,865,2.0,No Info,13039
Jet Airways,2019-05-18,Banglore,Delhi,15:15:00,18:10:00,175,0.0,In-flight meal not included,4544
Jet Airways,2019-06-27,Banglore,Delhi,11:10:00,14:05:00,175,0.0,No Info,8016
Indigo,2019-06-27,Delhi,Cochin,23:30:00,04:35:00,305,1.0,No Info,9165
Spicejet,2019-06-21,Kolkata,Banglore,17:10:00,19:40:00,150,0.0,No Info,3873
Indigo,2019-05-15,Kolkata,Banglore,22:15:00,00:50:00,155,0.0,No Info,4804
Jet Airways,2019-05-18,Kolkata,Banglore,14:05:00,12:00:00,1315,1.0,No Info,14388
Indigo,2019-05-27,Banglore,Delhi,08:30:00,11:20:00,170,0.0,No Info,4823
Multiple Carriers,2019-06-09,Delhi,Cochin,11:40:00,01:30:00,830,1.0,No Info,6795
Indigo,2019-03-27,Chennai,Kolkata,07:55:00,10:15:00,140,0.0,No Info,3384
Indigo,2019-06-15,Delhi,Cochin,08:30:00,21:00:00,750,1.0,No Info,6416
Jet Airways,2019-03-01,Banglore,New Delhi,14:05:00,19:10:00,305,1.0,No Info,36235
Jet Airways,2019-04-01,Kolkata,Banglore,20:25:00,10:55:00,870,1.0,No Info,11467
Indigo,2019-05-21,Kolkata,Banglore,19:20:00,23:45:00,265,1.0,No Info,3574
Multiple Carriers,2019-03-06,Delhi,Cochin,13:00:00,01:35:00,755,1.0,In-flight meal not included,15136
Jet Airways,2019-03-09,Banglore,New Delhi,08:55:00,21:20:00,745,1.0,In-flight meal not included,11087
Indigo,2019-06-27,Banglore,Delhi,18:25:00,21:20:00,175,0.0,No Info,4823
Jet Airways,2019-06-27,Banglore,Delhi,17:45:00,20:45:00,180,0.0,No Info,8016
Jet Airways,2019-05-09,Delhi,Cochin,19:30:00,12:35:00,1025,2.0,No Info,15129
Spicejet,2019-06-24,Delhi,Cochin,15:45:00,22:05:00,380,1.0,No Info,5583
Air India,2019-05-21,Kolkata,Banglore,16:45:00,08:55:00,970,2.0,No Info,14960
Air Asia,2019-05-27,Delhi,Cochin,16:45:00,22:25:00,340,1.0,No Info,6752
Jet Airways,2019-05-21,Kolkata,Banglore,17:00:00,14:25:00,1285,1.0,No Info,11467
Jet Airways,2019-06-09,Delhi,Cochin,19:15:00,04:25:00,550,1.0,In-flight meal not included,10577
Multiple Carriers,2019-06-06,Delhi,Cochin,17:50:00,01:30:00,460,2.0,No Info,18275
Jet Airways,2019-03-18,Banglore,New Delhi,08:55:00,16:10:00,435,1.0,No Info,12284
Jet Airways,2019-06-24,Delhi,Cochin,05:30:00,04:25:00,1375,2.0,No Info,13292
Multiple Carriers,2019-06-27,Delhi,Cochin,07:30:00,21:00:00,810,1.0,No Info,7005
Indigo,2019-05-24,Chennai,Kolkata,05:15:00,07:40:00,145,0.0,No Info,3850
Jet Airways,2019-05-24,Kolkata,Banglore,09:35:00,23:35:00,840,1.0,No Info,14151
Air India,2019-03-06,Delhi,Cochin,17:15:00,09:25:00,970,2.0,No Info,9417
Indigo,2019-06-27,Delhi,Cochin,02:00:00,07:25:00,325,1.0,No Info,5636
Indigo,2019-03-06,Delhi,Cochin,15:00:00,01:35:00,635,1.0,No Info,14871
Vistara,2019-06-03,Banglore,Delhi,17:00:00,19:35:00,155,0.0,No Info,4878
Air India,2019-03-06,Mumbai,Hyderabad,09:40:00,23:45:00,845,2.0,No Info,22619
Jet Airways,2019-06-09,Kolkata,Banglore,09:35:00,21:05:00,690,1.0,No Info,14676
Indigo,2019-05-27,Banglore,Delhi,01:30:00,04:15:00,165,0.0,No Info,3419
Indigo,2019-03-24,Banglore,New Delhi,00:40:00,03:25:00,165,0.0,No Info,4238
Air India,2019-05-12,Kolkata,Banglore,09:25:00,18:30:00,545,1.0,No Info,8576
Jet Airways,2019-06-06,Delhi,Cochin,05:30:00,12:35:00,425,2.0,No Info,14441
Jet Airways,2019-06-06,Delhi,Cochin,18:15:00,19:00:00,1485,1.0,In-flight meal not included,10262
Jet Airways,2019-06-06,Kolkata,Banglore,20:25:00,18:00:00,1295,1.0,No Info,12692
Multiple Carriers,2019-03-09,Delhi,Cochin,04:00:00,12:55:00,535,1.0,No Info,16259
Indigo,2019-06-27,Mumbai,Hyderabad,12:00:00,13:30:00,90,0.0,No Info,2754
Jet Airways,2019-05-01,Kolkata,Banglore,17:00:00,18:00:00,1500,1.0,No Info,11467
Multiple Carriers,2019-06-09,Delhi,Cochin,17:50:00,01:30:00,460,2.0,No Info,18485
Spicejet,2019-04-01,Banglore,Delhi,21:10:00,00:05:00,175,0.0,No Info,3625
Indigo,2019-03-06,Delhi,Cochin,14:30:00,17:35:00,185,0.0,No Info,7673
Jet Airways,2019-04-27,Banglore,Delhi,18:55:00,22:00:00,185,0.0,In-flight meal not included,4544
Jet Airways,2019-04-06,Delhi,Cochin,13:00:00,19:00:00,360,1.0,In-flight meal not included,5177
Vistara,2019-05-09,Chennai,Kolkata,07:05:00,09:20:00,135,0.0,No Info,3687
Jet Airways,2019-03-21,Banglore,New Delhi,05:50:00,12:20:00,390,1.0,In-flight meal not included,6163
Jet Airways,2019-06-01,Delhi,Cochin,09:40:00,04:25:00,1125,2.0,In-flight meal not included,10368
Air India,2019-05-18,Chennai,Kolkata,11:40:00,13:55:00,135,0.0,No Info,4667
Indigo,2019-05-12,Banglore,Delhi,08:30:00,11:20:00,170,0.0,No Info,5740
Jet Airways,2019-04-01,Kolkata,Banglore,21:10:00,08:15:00,665,1.0,No Info,13364
Jet Airways,2019-06-03,Delhi,Cochin,20:00:00,04:25:00,505,2.0,In-flight meal not included,15318
Air India,2019-06-12,Delhi,Cochin,09:45:00,09:25:00,1420,2.0,No Info,10975
Indigo,2019-04-09,Delhi,Cochin,09:15:00,01:30:00,975,1.0,No Info,6573
Jet Airways,2019-03-09,Banglore,New Delhi,07:00:00,09:30:00,1590,1.0,In-flight meal not included,11087
Jet Airways,2019-05-06,Kolkata,Banglore,06:30:00,04:40:00,1330,1.0,In-flight meal not included,8586
Jet Airways,2019-05-09,Banglore,Delhi,06:00:00,08:45:00,165,0.0,In-flight meal not included,4030
Jet Airways,2019-05-09,Delhi,Cochin,08:00:00,04:25:00,1225,1.0,In-flight meal not included,12373
Multiple Carriers,2019-06-09,Delhi,Cochin,09:00:00,21:00:00,720,1.0,No Info,13587
Jet Airways,2019-06-15,Delhi,Cochin,11:40:00,19:00:00,440,2.0,No Info,18804
Jet Airways,2019-03-21,Delhi,Cochin,13:00:00,18:50:00,1790,2.0,No Info,13082
Multiple Carriers,2019-05-15,Delhi,Cochin,11:40:00,19:15:00,455,1.0,No Info,9001
Jet Airways,2019-06-15,Delhi,Cochin,17:30:00,04:25:00,655,1.0,In-flight meal not included,10262
Air Asia,2019-05-21,Kolkata,Banglore,06:50:00,10:30:00,220,1.0,No Info,5162
Air India,2019-03-12,Mumbai,Hyderabad,06:00:00,11:55:00,1795,2.0,No Info,12854
Jet Airways,2019-06-06,Delhi,Cochin,19:15:00,19:00:00,1425,1.0,No Info,14714
Indigo,2019-05-15,Delhi,Cochin,07:35:00,22:30:00,895,1.0,No Info,6442
Air India,2019-05-24,Kolkata,Banglore,09:25:00,13:45:00,1700,2.0,No Info,12802
Jet Airways,2019-04-01,Kolkata,Banglore,14:05:00,22:35:00,510,1.0,No Info,13364
Indigo,2019-05-01,Mumbai,Hyderabad,19:05:00,20:35:00,90,0.0,No Info,2754
Air India,2019-03-01,Banglore,New Delhi,08:50:00,09:25:00,1475,2.0,No Info,25430
Jet Airways,2019-03-27,Delhi,Cochin,11:30:00,04:25:00,1015,1.0,In-flight meal not included,6017
Air Asia,2019-06-24,Banglore,Delhi,11:10:00,13:55:00,165,0.0,No Info,3383
Air India,2019-05-18,Kolkata,Banglore,05:50:00,08:55:00,1625,2.0,No Info,12723
Spicejet,2019-05-03,Kolkata,Banglore,06:55:00,09:30:00,155,0.0,No check-in baggage included,3841
Jet Airways,2019-05-09,Kolkata,Banglore,20:25:00,14:25:00,1080,1.0,No Info,11467
Jet Airways,2019-06-27,Delhi,Cochin,12:15:00,19:00:00,1845,2.0,No Info,14300
Multiple Carriers,2019-03-21,Delhi,Cochin,11:40:00,01:35:00,835,1.0,No Info,7695
Spicejet,2019-05-18,Mumbai,Hyderabad,22:45:00,00:15:00,90,0.0,No Info,2017
Indigo,2019-03-03,Banglore,New Delhi,20:00:00,22:55:00,175,0.0,No Info,7303
Air India,2019-06-15,Delhi,Cochin,08:00:00,19:15:00,675,1.0,No Info,9929
Spicejet,2019-05-18,Kolkata,Banglore,17:10:00,19:40:00,150,0.0,No check-in baggage included,3841
Indigo,2019-03-21,Mumbai,Hyderabad,09:10:00,10:35:00,85,0.0,No Info,4049
Jet Airways,2019-05-01,Mumbai,Hyderabad,02:55:00,04:20:00,85,0.0,No Info,5678
Vistara,2019-06-06,Kolkata,Banglore,17:00:00,18:50:00,1550,1.0,No Info,8820
Multiple Carriers,2019-06-06,Delhi,Cochin,16:00:00,01:30:00,570,1.0,No Info,13377
Vistara,2019-05-01,Banglore,Delhi,21:00:00,23:50:00,170,0.0,No Info,4668
Jet Airways,2019-05-24,Kolkata,Banglore,18:55:00,19:50:00,1495,1.0,In-flight meal not included,10844
Multiple Carriers,2019-05-18,Delhi,Cochin,15:00:00,01:30:00,630,1.0,No Info,13727
Jet Airways,2019-04-15,Banglore,Delhi,15:15:00,18:10:00,175,0.0,In-flight meal not included,4544
Jet Airways,2019-04-09,Banglore,Delhi,07:10:00,10:10:00,180,0.0,No Info,7229
Spicejet,2019-05-06,Kolkata,Banglore,06:55:00,09:30:00,155,0.0,No check-in baggage included,3841
Spicejet,2019-05-21,Kolkata,Banglore,22:20:00,00:40:00,140,0.0,No Info,3873
Vistara,2019-04-24,Banglore,Delhi,09:45:00,12:35:00,170,0.0,No Info,5403
Jet Airways,2019-05-03,Banglore,Delhi,06:00:00,08:45:00,165,0.0,No Info,7229
Air India,2019-06-01,Delhi,Cochin,10:00:00,19:15:00,555,1.0,No Info,9929
Jet Airways,2019-05-12,Kolkata,Banglore,21:10:00,18:15:00,1265,1.0,In-flight meal not included,10844
Vistara,2019-06-18,Banglore,Delhi,17:00:00,19:35:00,155,0.0,No Info,4878
Spicejet,2019-03-27,Kolkata,Banglore,06:55:00,09:35:00,160,0.0,No Info,3847
Jet Airways,2019-06-09,Delhi,Cochin,18:25:00,04:25:00,600,2.0,No Info,14237
Multiple Carriers,2019-06-15,Delhi,Cochin,10:00:00,19:00:00,540,1.0,No Info,13504
Air India,2019-03-09,Banglore,New Delhi,11:05:00,22:45:00,700,1.0,No Info,10657
Jet Airways,2019-05-18,Kolkata,Banglore,08:25:00,09:20:00,1495,1.0,In-flight meal not included,9663
Indigo,2019-06-12,Kolkata,Banglore,15:15:00,17:45:00,150,0.0,No Info,4804
Indigo,2019-06-21,Mumbai,Hyderabad,16:55:00,18:25:00,90,0.0,No Info,4392
Jet Airways,2019-06-27,Delhi,Cochin,08:10:00,12:35:00,1705,2.0,No Info,14300
Air Asia,2019-05-15,Delhi,Cochin,07:55:00,13:25:00,330,1.0,No Info,6451
Air India,2019-04-27,Banglore,Delhi,21:05:00,23:55:00,170,0.0,No Info,5228
Jet Airways,2019-05-18,Kolkata,Banglore,14:05:00,23:35:00,570,1.0,No Info,14781
Indigo,2019-05-09,Kolkata,Banglore,09:20:00,14:15:00,295,1.0,No Info,11465
Jet Airways,2019-05-18,Delhi,Cochin,09:40:00,19:00:00,560,2.0,No Info,15129
Jet Airways,2019-05-09,Delhi,Cochin,11:00:00,14:15:00,195,0.0,No Info,9564
Indigo,2019-05-03,Banglore,Delhi,23:30:00,02:20:00,170,0.0,No Info,4591
Spicejet,2019-06-03,Kolkata,Banglore,06:55:00,09:30:00,155,0.0,No check-in baggage included,3841
Jet Airways,2019-05-24,Banglore,Delhi,11:10:00,14:05:00,175,0.0,In-flight meal not included,4030
Indigo,2019-04-21,Banglore,Delhi,04:00:00,06:50:00,170,0.0,No Info,4423
Air India,2019-05-09,Delhi,Cochin,20:40:00,09:25:00,765,1.0,No Info,7480
Air India,2019-05-15,Delhi,Cochin,03:50:00,19:15:00,925,1.0,No Info,8669
Jet Airways,2019-05-24,Kolkata,Banglore,06:30:00,16:20:00,590,1.0,No Info,14571
Indigo,2019-06-27,Banglore,Delhi,00:25:00,03:15:00,170,0.0,No Info,3419
Jet Airways,2019-06-01,Delhi,Cochin,11:40:00,19:00:00,440,2.0,In-flight meal not included,15812
Jet Airways,2019-03-06,Delhi,Cochin,21:50:00,04:25:00,395,1.0,In-flight meal not included,13843
Jet Airways,2019-05-06,Kolkata,Banglore,21:10:00,16:20:00,1150,1.0,No Info,13584
Air India,2019-04-06,Delhi,Cochin,17:20:00,09:25:00,965,1.0,No Info,4697
Multiple Carriers,2019-06-06,Delhi,Cochin,10:20:00,19:00:00,520,1.0,No Info,11789
Indigo,2019-05-24,Mumbai,Hyderabad,02:35:00,04:05:00,90,0.0,No Info,3342
Indigo,2019-06-24,Kolkata,Banglore,15:15:00,17:45:00,150,0.0,No Info,4804
Jet Airways,2019-05-21,Delhi,Cochin,22:50:00,04:25:00,335,1.0,In-flight meal not included,12898
Indigo,2019-04-15,Delhi,Cochin,06:50:00,12:10:00,320,1.0,No Info,5761
Indigo,2019-05-15,Banglore,Delhi,04:00:00,06:50:00,170,0.0,No Info,3943
Indigo,2019-03-18,Mumbai,Hyderabad,20:05:00,21:35:00,90,0.0,No Info,2227
